2018-07-27T10:14:20.096386,0.9708759784698486,0.4025999903678894,0.003903999924659729
2018-07-27T10:14:20.115123,1.113860011100769,0.2025199979543686,-0.21618399024009705
2018-07-27T10:14:20.135296,1.2553800344467163,0.17031200230121613,-0.14298400282859802
2018-07-27T10:14:20.150454,1.2834399938583374,0.2025199979543686,-0.2642520070075989
2018-07-27T10:14:20.168696,1.144603967666626,0.10662800073623657,-0.3264719843864441
2018-07-27T10:14:20.187469,1.118008017539978,-0.10443200170993805,-0.35867998003959656
2018-07-27T10:14:20.202621,1.101415991783142,-0.1676279902458191,-0.37161198258399963
2018-07-27T10:14:20.222729,1.0477359294891357,-0.36282798647880554,-0.27669599652290344
2018-07-27T10:14:20.237909,1.1624159812927246,-0.3172000050544739,-0.0802759975194931
2018-07-27T10:14:20.256644,1.1416759490966797,-0.1727519929409027,-0.07344400137662888
2018-07-27T10:14:20.274887,1.0633519887924194,-0.0500199981033802,-0.1105320006608963
2018-07-27T10:14:20.291928,1.0862879753112793,-0.03635599836707115,-0.12224400043487549
2018-07-27T10:14:20.310170,1.1006839275360107,-0.05807200074195862,-0.08173999935388565
2018-07-27T10:14:20.326211,1.1592439413070679,0.004635999910533428,-0.05953599885106087
2018-07-27T10:14:20.344080,1.1807159185409546,0.06588000059127808,-0.10174799710512161
2018-07-27T10:14:20.362320,1.0748199224472046,0.17958399653434753,-0.18519599735736847
2018-07-27T10:14:20.379332,0.9179279804229736,0.15933199226856232,-0.19641999900341034
2018-07-27T10:14:20.397578,0.7878760099411011,0.058803997933864594,-0.09149999916553497
2018-07-27T10:14:20.416303,0.7498120069503784,-0.04196799919009209,0.03001200035214424
2018-07-27T10:14:20.431450,0.713699996471405,-0.07197999954223633,0.10662800073623657
2018-07-27T10:14:20.449687,0.7334640026092529,-0.08979199826717377,0.0983319953083992
2018-07-27T10:14:20.466696,0.7637199759483337,0.0453839972615242,0.04416399821639061
2018-07-27T10:14:20.484961,0.8008080124855042,0.11394799500703812,0.03757599741220474
2018-07-27T10:14:20.503716,0.7915359735488892,0.08857199549674988,0.04782399907708168
2018-07-27T10:14:20.518867,0.7842159867286682,0.062463998794555664,0.09272000193595886
2018-07-27T10:14:20.535898,0.7202879786491394,0.05172799900174141,0.1798280030488968
2018-07-27T10:14:20.554139,0.7254120111465454,0.06612399965524673,0.23423999547958374
2018-07-27T10:14:20.571003,0.7524960041046143,0.1349319964647293,0.2622999846935272
2018-07-27T10:14:20.588044,0.8200839757919312,0.1954440027475357,0.1681160032749176
2018-07-27T10:14:20.606283,0.944767951965332,0.21886800229549408,-0.01659199967980385
2018-07-27T10:14:20.623459,1.0831159353256226,0.19446799159049988,-0.05660799890756607
2018-07-27T10:14:20.641711,1.1338679790496826,0.11882799863815308,0.25229600071907043
2018-07-27T10:14:20.660444,1.2680679559707642,-0.11077599972486496,0.5504639744758606
2018-07-27T10:14:20.675592,1.5140199661254883,-0.05026400089263916,0.24936799705028534
2018-07-27T10:14:20.692628,1.3986079692840576,0.00024399999529123306,0.3269599974155426
2018-07-27T10:14:20.710870,0.9357399940490723,0.2105719894170761,0.34355199337005615
2018-07-27T10:14:20.727746,0.6505039930343628,0.24765999615192413,0.28303998708724976
2018-07-27T10:14:20.744753,1.4054399728775024,-0.03245199844241142,-0.11224000155925751
2018-07-27T10:14:20.762998,1.4569239616394043,-0.30109599232673645,-0.2886520028114319
2018-07-27T10:14:20.780023,0.7654280066490173,-0.38966798782348633,-0.28011199831962585
2018-07-27T10:14:20.798291,0.7288280129432678,-0.2862119972705841,-0.11736399680376053
2018-07-27T10:14:20.817027,1.3429759740829468,-0.057339999824762344,-0.03562399744987488
2018-07-27T10:14:20.835269,1.1755919456481934,0.08198399841785431,-0.18544000387191772
2018-07-27T10:14:20.850425,0.8264279961585999,0.033427998423576355,-0.2803559899330139
2018-07-27T10:14:20.867439,0.7395640015602112,0.12541599571704865,-0.13932399451732635
2018-07-27T10:14:20.887452,0.8110559582710266,0.10516399890184402,-0.08076399564743042
2018-07-27T10:14:20.904469,0.912559986114502,0.013663999736309052,-0.10735999792814255
2018-07-27T10:14:20.922711,1.0299240350723267,0.011711999773979187,-0.09272000193595886
2018-07-27T10:14:20.939724,0.9486719965934753,0.019763998687267303,-0.0558759979903698
2018-07-27T10:14:20.954873,0.9184159636497498,0.006587999872863293,-0.01659199967980385
2018-07-27T10:14:20.974834,0.9018239974975586,-0.013663999736309052,-0.0424560010433197
2018-07-27T10:14:20.991874,0.8940159678459167,-0.026839999482035637,-0.047335997223854065
2018-07-27T10:14:21.010123,0.8600999712944031,-0.0026839999482035637,-0.04172400012612343
2018-07-27T10:14:21.027133,0.8988959789276123,0.10955599695444107,-0.024643998593091965
2018-07-27T10:14:21.043910,0.9215880036354065,0.13810399174690247,-0.020983999595046043
2018-07-27T10:14:21.060926,0.9076799750328064,0.20495998859405518,-0.04660400003194809
2018-07-27T10:14:21.079167,0.9110959768295288,0.2408279925584793,-0.05441199988126755
2018-07-27T10:14:21.096215,0.9332999587059021,0.23058000206947327,-0.048312000930309296
2018-07-27T10:14:21.112438,0.9381799697875977,0.19861599802970886,-0.05026400089263916
2018-07-27T10:14:21.132247,0.8996279835700989,0.1820240020751953,-0.058559998869895935
2018-07-27T10:14:21.149472,0.9120720028877258,0.0727119967341423,-0.06173199787735939
2018-07-27T10:14:21.167564,0.9467200040817261,0.06002400070428848,-0.08393599838018417
2018-07-27T10:14:21.184628,0.9801479578018188,0.03269600123167038,-0.09345199912786484
2018-07-27T10:14:21.201505,1.0362679958343506,0.0009759999811649323,-0.07807999849319458
2018-07-27T10:14:21.218524,1.1236200332641602,0.003659999929368496,-0.0651479959487915
2018-07-27T10:14:21.236773,1.1672959327697754,0.10174799710512161,-0.08686399459838867
2018-07-27T10:14:21.253786,1.1136159896850586,0.1290760040283203,-0.17543599009513855
2018-07-27T10:14:21.272038,1.0648159980773926,0.3089039921760559,-0.19593200087547302
2018-07-27T10:14:21.288935,1.0455399751663208,0.3003639876842499,-0.1088239997625351
2018-07-27T10:14:21.305946,1.079699993133545,0.27791598439216614,-0.14932799339294434
2018-07-27T10:14:21.324188,1.1338679790496826,0.1890999972820282,-0.16543199121952057
2018-07-27T10:14:21.341200,1.421787977218628,0.2349720001220703,-0.27498799562454224
2018-07-27T10:14:21.358071,1.2717279195785522,0.06319599598646164,-0.3474559783935547
2018-07-27T10:14:21.375083,1.1714439392089844,0.12346399575471878,-0.38942399621009827
2018-07-27T10:14:21.393352,1.1060519218444824,-0.07807999849319458,-0.4152880012989044
2018-07-27T10:14:21.411597,1.0731120109558105,-0.2659600079059601,-0.3701480031013489
2018-07-27T10:14:21.428608,1.0679880380630493,-0.4050399959087372,-0.2542479932308197
2018-07-27T10:14:21.445478,1.0391960144042969,-0.3491639792919159,-0.006587999872863293
2018-07-27T10:14:21.462491,0.9618479609489441,-0.15201199054718018,-0.03537999838590622
2018-07-27T10:14:21.480732,0.8457039594650269,0.07515199482440948,-0.16323599219322205
2018-07-27T10:14:21.497775,0.9303719997406006,0.13224799931049347,-0.22545599937438965
2018-07-27T10:14:21.516874,1.1360639333724976,0.18519599735736847,-0.17641200125217438
2018-07-27T10:14:21.532886,1.1999919414520264,0.2227720022201538,-0.1290760040283203
2018-07-27T10:14:21.549902,1.113860011100769,0.23521599173545837,-0.08417999744415283
2018-07-27T10:14:21.568146,1.0174800157546997,0.24351198971271515,-0.0924759954214096
2018-07-27T10:14:21.585156,0.9603840112686157,0.09735599905252457,-0.10491999983787537
2018-07-27T10:14:21.602052,0.9023119807243347,0.04123599827289581,-0.09784399718046188
2018-07-27T10:14:21.622155,0.8498519659042358,-0.026108000427484512,-0.03367199748754501
2018-07-27T10:14:21.637311,0.8696159720420837,-0.05026400089263916,0.026108000427484512
2018-07-27T10:14:21.655552,0.8810839653015137,0.04636000096797943,0.026108000427484512
2018-07-27T10:14:21.674372,0.8474119901657104,0.08930400013923645,-0.03147599846124649
2018-07-27T10:14:21.689556,0.8298439979553223,0.09564799815416336,-0.09686800092458725
2018-07-27T10:14:21.709662,0.8261839747428894,0.021959999576210976,-0.10979999601840973
2018-07-27T10:14:21.724809,0.8354560136795044,0.00878399983048439,-0.08295999467372894
2018-07-27T10:14:21.744915,0.8539999723434448,-0.11272799968719482,-0.054899998009204865
2018-07-27T10:14:21.761787,0.8271600008010864,-0.0802759975194931,0.015859998762607574
2018-07-27T10:14:21.778803,0.8005639910697937,-0.05807200074195862,0.15615999698638916
2018-07-27T10:14:21.797072,0.815447986125946,0.07417599856853485,0.1890999972820282
2018-07-27T10:14:21.812260,0.8256959915161133,0.18470799922943115,0.0756400004029274
2018-07-27T10:14:21.830134,0.9347639679908752,0.22960399091243744,-0.14469200372695923
2018-07-27T10:14:21.849234,0.9882000088691711,0.24277999997138977,0.07930000126361847
2018-07-27T10:14:21.866268,1.016260027885437,0.1390800029039383,0.30060797929763794
2018-07-27T10:14:21.884513,1.099951982498169,0.1327359974384308,0.13395600020885468
2018-07-27T10:14:21.901549,1.1643680334091187,0.08808399736881256,0.030499998480081558
2018-07-27T10:14:21.918417,1.2275639772415161,0.16909199953079224,0.1420079916715622
2018-07-27T10:14:21.936657,1.1411880254745483,0.2012999951839447,0.34940800070762634
2018-07-27T10:14:21.953669,1.048467993736267,0.23301999270915985,0.41211599111557007
2018-07-27T10:14:21.971913,0.8652240037918091,-0.0026839999482035637,0.30451199412345886
2018-07-27T10:14:21.990668,1.4901080131530762,-0.28840798139572144,-0.08857199549674988
2018-07-27T10:14:22.005828,1.577947974205017,-0.4513999819755554,-0.31671199202537537
2018-07-27T10:14:22.022848,1.0057679414749146,-0.5350919961929321,-0.3315959870815277
2018-07-27T10:14:22.041094,0.8830359578132629,-0.19934800267219543,-0.0012199999764561653
2018-07-27T10:14:22.058109,1.0479799509048462,0.11248400062322617,-0.026108000427484512
2018-07-27T10:14:22.074894,0.8640039563179016,0.11614400148391724,-0.19154000282287598
2018-07-27T10:14:22.093152,0.7158960103988647,0.11663199961185455,-0.29182398319244385
2018-07-27T10:14:22.110163,0.733951985836029,0.1117519959807396,-0.21496400237083435
2018-07-27T10:14:22.128408,0.8976759910583496,-0.0226919986307621,-0.06734399497509003
2018-07-27T10:14:22.147184,1.1145919561386108,-0.03635599836707115,-0.027084000408649445
2018-07-27T10:14:22.164551,1.0799440145492554,-0.10638399422168732,-0.0756400004029274
2018-07-27T10:14:22.181577,0.8752279877662659,-0.17128799855709076,-0.04025999829173088
2018-07-27T10:14:22.196913,0.814471960067749,-0.15079200267791748,-0.020495999604463577
2018-07-27T10:14:22.215166,0.8705919981002808,-0.15737999975681305,-0.06417199969291687
2018-07-27T10:14:22.233906,0.8469240069389343,-0.17006799578666687,-0.0907679945230484
2018-07-27T10:14:22.252152,0.8359439969062805,-0.09711199998855591,-0.07759200036525726
2018-07-27T10:14:22.269168,0.8852319717407227,0.011467999778687954,-0.10662800073623657
2018-07-27T10:14:22.284319,0.9716079831123352,0.028547998517751694,-0.14640000462532043
2018-07-27T10:14:22.304454,1.0106480121612549,0.08125200122594833,-0.13932399451732635
2018-07-27T10:14:22.321326,0.9984479546546936,0.13639599084854126,-0.08442399650812149
2018-07-27T10:14:22.338341,0.9298839569091797,0.15689200162887573,-0.05050799995660782
2018-07-27T10:14:22.356583,0.900115966796875,0.15567199885845184,-0.04001599922776222
2018-07-27T10:14:22.371732,0.9149999618530273,0.13859200477600098,-0.062463998794555664
2018-07-27T10:14:22.390499,0.9652639627456665,0.11028799414634705,-0.057583998888731
2018-07-27T10:14:22.408766,1.0167479515075684,0.05392399802803993,-0.05953599885106087
2018-07-27T10:14:22.425781,0.9918599724769592,-0.05831599980592728,-0.09613599628210068
2018-07-27T10:14:22.444031,0.9698999524116516,-0.02903600037097931,-0.12517200410366058
2018-07-27T10:14:22.461907,1.038219928741455,0.007563999854028225,-0.11711999773979187
2018-07-27T10:14:22.477816,1.1080039739608765,0.1751919984817505,-0.1546960026025772
2018-07-27T10:14:22.496081,1.1023919582366943,0.33135199546813965,-0.18129199743270874
2018-07-27T10:14:22.513094,1.09116792678833,0.31866398453712463,-0.1903200000524521
2018-07-27T10:14:22.531334,1.111907958984375,0.1925159990787506,-0.12175599485635757
2018-07-27T10:14:22.550063,1.1948679685592651,0.09711199998855591,-0.1239520013332367
2018-07-27T10:14:22.565212,1.2600159645080566,0.04513999819755554,-0.18422000110149384
2018-07-27T10:14:22.582227,1.3698159456253052,-0.0651479959487915,-0.049531999975442886
2018-07-27T10:14:22.600554,1.1355760097503662,0.1000399962067604,-0.19324800372123718
2018-07-27T10:14:22.618876,1.1319159269332886,0.06002400070428848,-0.27840399742126465
2018-07-27T10:14:22.637641,1.0887279510498047,-0.12053599953651428,-0.24424399435520172
2018-07-27T10:14:22.652793,0.9598959684371948,-0.16738399863243103,-0.24741598963737488
2018-07-27T10:14:22.669809,0.929639995098114,-0.1542080044746399,-0.09320800006389618
2018-07-27T10:14:22.688055,1.1306959390640259,-0.09125600010156631,0.0007319999858736992
2018-07-27T10:14:22.706825,1.1480200290679932,-0.17909599840641022,0.02781599946320057
2018-07-27T10:14:22.722129,1.1885240077972412,-0.16299200057983398,-0.013663999736309052
2018-07-27T10:14:22.739154,1.2229279279708862,-0.09857599437236786,-0.08393599838018417
2018-07-27T10:14:22.757399,1.179252028465271,0.05953599885106087,-0.09784399718046188
2018-07-27T10:14:22.775636,1.1470439434051514,0.03294000029563904,-0.10662800073623657
2018-07-27T10:14:22.794398,0.9620919823646545,0.04806799814105034,-0.11589999496936798
2018-07-27T10:14:22.809574,0.8103240132331848,0.05392399802803993,-0.047091998159885406
2018-07-27T10:14:22.826586,0.7583519816398621,0.05929199978709221,0.030499998480081558
2018-07-27T10:14:22.844822,0.7132120132446289,-0.048312000930309296,0.06417199969291687
2018-07-27T10:14:22.863546,0.6824679970741272,-0.012931999750435352,0.05538799986243248
2018-07-27T10:14:22.881790,0.8478999733924866,-0.015371999703347683,0.09296400099992752
2018-07-27T10:14:22.897825,0.8749839663505554,0.021959999576210976,0.130295991897583
2018-07-27T10:14:22.913976,0.8056879639625549,0.05929199978709221,0.1937360018491745
2018-07-27T10:14:22.932221,0.7668919563293457,0.07124799489974976,0.2235039919614792
2018-07-27T10:14:22.950947,0.7844600081443787,0.1727519929409027,0.1903200000524521
2018-07-27T10:14:22.969184,0.7571319937705994,0.14054399728775024,0.1786080002784729
2018-07-27T10:14:22.986193,0.729315996170044,0.07905599474906921,0.21252399682998657
2018-07-27T10:14:23.001371,0.74127197265625,0.09467199444770813,0.24351198971271515
2018-07-27T10:14:23.020509,0.8137399554252625,0.23814399540424347,0.3030479848384857
2018-07-27T10:14:23.038383,0.929639995098114,0.2449759989976883,0.2693759799003601
2018-07-27T10:14:23.056626,1.09116792678833,0.14688800275325775,0.158843994140625
2018-07-27T10:14:23.073637,1.2397639751434326,-0.0007319999858736992,0.29280000925064087
2018-07-27T10:14:23.091877,1.3344359397888184,-0.17080000042915344,0.4013800024986267
2018-07-27T10:14:23.110600,1.4039759635925293,-0.13834799826145172,0.3938159942626953
2018-07-27T10:14:23.125683,1.4464319944381714,-0.09491600096225739,0.49653998017311096
2018-07-27T10:14:23.142704,1.65749192237854,-0.19154000282287598,0.2942639887332916
2018-07-27T10:14:23.160926,1.3427319526672363,0.06026799976825714,0.19007599353790283
2018-07-27T10:14:23.178716,0.8193519711494446,-0.008539999835193157,0.027084000408649445
2018-07-27T10:14:23.197059,0.6634359955787659,-0.14786399900913239,-0.057583998888731
2018-07-27T10:14:23.212243,0.7105280160903931,-0.006831999868154526,-0.18470799922943115
2018-07-27T10:14:23.229244,0.8532679677009583,-0.027084000408649445,-0.27962398529052734
2018-07-27T10:14:23.247642,0.9208559989929199,-0.07393199950456619,-0.31963998079299927
2018-07-27T10:14:23.266353,0.9484279751777649,-0.14932799339294434,-0.29401999711990356
2018-07-27T10:14:23.281489,1.1065399646759033,-0.1373720020055771,-0.16274799406528473
2018-07-27T10:14:23.299740,1.0479799509048462,0.11370399594306946,-0.02147199958562851
2018-07-27T10:14:23.316735,0.8727880120277405,0.05807200074195862,-0.0832040011882782
2018-07-27T10:14:23.335843,0.7810440063476562,0.05441199988126755,-0.17494799196720123
2018-07-27T10:14:23.353691,0.8813279867172241,0.04782399907708168,-0.12224400043487549
2018-07-27T10:14:23.368819,0.9840520024299622,0.014639999717473984,-0.022204000502824783
2018-07-27T10:14:23.388901,0.9855159521102905,-0.032207999378442764,-0.033427998423576355
2018-07-27T10:14:23.404058,0.9240279793739319,-0.033427998423576355,-0.11443600058555603
2018-07-27T10:14:23.422769,0.921343982219696,0.052216000854969025,-0.14859600365161896
2018-07-27T10:14:23.441025,0.8752279877662659,0.009027999825775623,-0.12443999946117401
2018-07-27T10:14:23.456178,0.8652240037918091,0.09564799815416336,-0.08247199654579163
2018-07-27T10:14:23.476262,0.8747400045394897,0.24351198971271515,-0.08417999744415283
2018-07-27T10:14:23.492247,0.9198799729347229,0.20983999967575073,-0.10272400081157684
2018-07-27T10:14:23.510122,0.9642879962921143,0.2256999909877777,-0.09979599714279175
2018-07-27T10:14:23.528342,0.9667279720306396,0.2252119928598404,-0.07441999763250351
2018-07-27T10:14:23.545332,0.9289079904556274,0.13224799931049347,-0.02903600037097931
2018-07-27T10:14:23.563559,0.8940159678459167,0.19690799713134766,-0.004391999915242195
2018-07-27T10:14:23.580407,0.9364719986915588,0.2205759882926941,0.0007319999858736992
2018-07-27T10:14:23.597399,0.9974719882011414,0.13688400387763977,-0.0021959999576210976
2018-07-27T10:14:23.615648,1.0223599672317505,0.08247199654579163,-0.047091998159885406
2018-07-27T10:14:23.632640,1.022603988647461,0.05514399707317352,-0.07685999572277069
2018-07-27T10:14:23.648630,1.0094280242919922,0.008539999835193157,-0.14347200095653534
2018-07-27T10:14:23.666483,0.9877119660377502,0.06734399497509003,-0.20227599143981934
2018-07-27T10:14:23.684699,1.136307954788208,0.26742398738861084,-0.1756799966096878
2018-07-27T10:14:23.701686,1.1455799341201782,0.3054879903793335,-0.038307998329401016
2018-07-27T10:14:23.719931,1.099463939666748,0.15957599878311157,0.04172400012612343
2018-07-27T10:14:23.736779,1.1416759490966797,0.16030800342559814,-0.18544000387191772
2018-07-27T10:14:23.753766,1.4115400314331055,0.0802759975194931,-0.1227319985628128
2018-07-27T10:14:23.772071,1.3114999532699585,0.12151199579238892,-0.23765599727630615
2018-07-27T10:14:23.789062,1.213655948638916,0.11419199407100677,-0.40991997718811035
2018-07-27T10:14:23.807310,1.1941360235214233,0.0348920002579689,-0.39991599321365356
2018-07-27T10:14:23.826013,1.1255719661712646,-0.13395600020885468,-0.4304159879684448
2018-07-27T10:14:23.841174,0.973315954208374,-0.20227599143981934,-0.3315959870815277
2018-07-27T10:14:23.859398,1.0152839422225952,-0.2710839807987213,-0.005367999896407127
2018-07-27T10:14:23.876386,1.0565199851989746,-0.2088640034198761,0.08540000021457672
2018-07-27T10:14:23.896327,1.0426119565963745,-0.12468399852514267,-0.018300000578165054
2018-07-27T10:14:23.913345,1.0638400316238403,-0.0226919986307621,-0.16884799301624298
2018-07-27T10:14:23.931567,1.0872639417648315,0.05685199797153473,-0.16396799683570862
2018-07-27T10:14:23.948559,1.1458239555358887,0.17177599668502808,-0.1134599968791008
2018-07-27T10:14:23.963687,1.077015995979309,0.18373200297355652,-0.08832799643278122
2018-07-27T10:14:23.983624,0.9882000088691711,0.13078400492668152,-0.10833600163459778
2018-07-27T10:14:24.000615,0.8954799771308899,0.115167997777462,-0.07027199864387512
2018-07-27T10:14:24.018839,0.8220359683036804,-0.043431997299194336,-0.03855200111865997
2018-07-27T10:14:24.035827,0.7041839957237244,-0.1000399962067604,-0.0009759999811649323
2018-07-27T10:14:24.052678,0.6719759702682495,-0.07051599770784378,0.027084000408649445
2018-07-27T10:14:24.069670,0.7144320011138916,-0.023667998611927032,0.028060000389814377
2018-07-27T10:14:24.087891,0.7105280160903931,0.020495999604463577,0.021715998649597168
2018-07-27T10:14:24.105010,0.7620120048522949,0.07246799767017365,0.04172400012612343
2018-07-27T10:14:24.123326,0.7690879702568054,0.00634399987757206,0.07661599665880203
2018-07-27T10:14:24.140197,0.7354159951210022,0.030499998480081558,0.13053999841213226
2018-07-27T10:14:24.157114,0.7066239714622498,0.017079999670386314,0.16591998934745789
2018-07-27T10:14:24.175345,0.7578639984130859,0.11419199407100677,0.158843994140625
2018-07-27T10:14:24.192338,0.8047119975090027,0.16152799129486084,0.19129599630832672
2018-07-27T10:14:24.210189,0.9579439759254456,0.15225599706172943,0.1210239976644516
2018-07-27T10:14:24.228537,1.1894999742507935,0.1605519950389862,0.04782399907708168
2018-07-27T10:14:24.243672,1.3327280282974243,0.07393199950456619,0.22448000311851501
2018-07-27T10:14:24.261898,1.4639999866485596,-0.1239520013332367,0.37893199920654297
2018-07-27T10:14:24.278888,1.5101159811019897,0.0056119998916983604,0.5160599946975708
2018-07-27T10:14:24.295898,1.2365919351577759,0.23716799914836884,0.42041200399398804
2018-07-27T10:14:24.316029,1.213655948638916,0.10199199616909027,0.20495998859405518
2018-07-27T10:14:24.331165,1.3210159540176392,0.10833600163459778,-0.014151999726891518
2018-07-27T10:14:24.351253,1.0611560344696045,-0.06734399497509003,-0.1751919984817505
2018-07-27T10:14:24.368125,0.6817359924316406,-0.2808440029621124,-0.1466439962387085
2018-07-27T10:14:24.385139,0.8737639784812927,-0.19007599353790283,-0.03562399744987488
2018-07-27T10:14:24.403394,1.0767719745635986,-0.15615999698638916,-0.05953599885106087
2018-07-27T10:14:24.418572,0.990884006023407,-0.14176400005817413,-0.32671600580215454
2018-07-27T10:14:24.438681,0.8874279856681824,-0.23106800019741058,-0.4211439788341522
2018-07-27T10:14:24.455551,0.8991400003433228,-0.0378200002014637,-0.205935999751091
2018-07-27T10:14:24.472564,0.8676639795303345,0.06148799881339073,-0.044652000069618225
2018-07-27T10:14:24.490805,0.7861679792404175,0.046115998178720474,-0.13663999736309052
2018-07-27T10:14:24.507816,0.8979200124740601,0.010735999792814255,-0.1676279902458191
2018-07-27T10:14:24.524709,1.0191879272460938,0.05441199988126755,-0.08417999744415283
2018-07-27T10:14:24.542950,1.0084519386291504,-0.03684400022029877,0.005367999896407127
2018-07-27T10:14:24.559961,0.937936007976532,-0.0378200002014637,-0.019519999623298645
2018-07-27T10:14:24.578211,0.924515962600708,-0.05416800081729889,-0.12370799481868744
2018-07-27T10:14:24.595221,0.9098759889602661,-0.04270000010728836,-0.1605519950389862
2018-07-27T10:14:24.612116,0.8437519669532776,0.03855200111865997,-0.10150399804115295
2018-07-27T10:14:24.629129,0.839847981929779,0.11882799863815308,-0.057583998888731
2018-07-27T10:14:24.647369,0.8547319769859314,0.17885199189186096,-0.06002400070428848
2018-07-27T10:14:24.664383,0.9332999587059021,0.16274799406528473,-0.0832040011882782
2018-07-27T10:14:24.681255,1.0006439685821533,0.20983999967575073,-0.08100800216197968
2018-07-27T10:14:24.699537,0.9684360027313232,0.25058799982070923,-0.05514399707317352
2018-07-27T10:14:24.716575,0.9210999608039856,0.18812400102615356,-0.025863999500870705
2018-07-27T10:14:24.734815,0.9191479682922363,0.22789599001407623,-0.029767999425530434
2018-07-27T10:14:24.751829,0.9476959705352783,0.14737600088119507,-0.031964000314474106
2018-07-27T10:14:24.768700,0.9845399856567383,0.15079200267791748,-0.020495999604463577
2018-07-27T10:14:24.785717,1.0528600215911865,0.037087999284267426,-0.045871999114751816
2018-07-27T10:14:24.803964,1.0918999910354614,-0.03001200035214424,-0.12199999392032623
2018-07-27T10:14:24.822330,1.122156023979187,0.005123999901115894,-0.14981599152088165
2018-07-27T10:14:24.841065,1.089460015296936,0.16396799683570862,-0.21227999031543732
2018-07-27T10:14:24.856218,1.032364010810852,0.23521599173545837,-0.21911199390888214
2018-07-27T10:14:24.873232,0.9877119660377502,0.3193959891796112,-0.08515600115060806
2018-07-27T10:14:24.891479,1.048467993736267,0.1256600022315979,-0.1820240020751953
2018-07-27T10:14:24.908498,1.2253680229187012,0.14054399728775024,-0.09759999811649323
2018-07-27T10:14:24.928494,1.4103199243545532,-0.05709599703550339,-0.29011598229408264
2018-07-27T10:14:24.945509,1.3066200017929077,0.048312000930309296,-0.4626239836215973
2018-07-27T10:14:24.960663,1.20169997215271,0.009759999811649323,-0.4257799983024597
2018-07-27T10:14:24.978941,1.1858400106430054,-0.18934398889541626,-0.4189479947090149
2018-07-27T10:14:24.997678,1.0043039321899414,-0.2954840064048767,-0.2764520049095154
2018-07-27T10:14:25.015946,0.9367159605026245,-0.2898719906806946,0.020495999604463577
2018-07-27T10:14:25.032962,1.0577399730682373,-0.12004800140857697,0.11248400062322617
2018-07-27T10:14:25.048111,1.1104439496994019,-0.042211998254060745,-0.08637599647045135
2018-07-27T10:14:25.066352,1.142408013343811,0.0019519999623298645,-0.24229200184345245
2018-07-27T10:14:25.085113,1.0765279531478882,0.17006799578666687,-0.19300399720668793
2018-07-27T10:14:25.103356,1.0897040367126465,0.183243989944458,-0.06392800062894821
2018-07-27T10:14:25.120395,1.0784800052642822,0.15176799893379211,-0.06588000059127808
2018-07-27T10:14:25.135547,0.9884439706802368,0.11760799586772919,-0.11443600058555603
2018-07-27T10:14:25.153420,0.8925519585609436,0.08442399650812149,-0.10345599800348282
2018-07-27T10:14:25.172520,0.835211992263794,-0.06002400070428848,-0.08466799557209015
2018-07-27T10:14:25.189511,0.7488359808921814,-0.0954039990901947,-0.015371999703347683
2018-07-27T10:14:25.207689,0.7378559708595276,-0.14883999526500702,0.0029279999434947968
2018-07-27T10:14:25.226071,0.8042240142822266,-0.06490399688482285,0.010247999802231789
2018-07-27T10:14:25.246158,0.7737239599227905,0.04928799718618393,0.0017079999670386314
2018-07-27T10:14:25.261316,0.7971479892730713,0.11443600058555603,0.010247999802231789
2018-07-27T10:14:25.278331,0.8047119975090027,0.11565599590539932,0.0014639999717473984
2018-07-27T10:14:25.293486,0.779092013835907,0.04904399812221527,-0.00951599981635809
2018-07-27T10:14:25.311392,0.7056480050086975,0.05075199902057648,0.0954039990901947
2018-07-27T10:14:25.330536,0.6807599663734436,0.06734399497509003,0.25986000895500183
2018-07-27T10:14:25.347753,0.6953999996185303,0.0634399950504303,0.2635200023651123
2018-07-27T10:14:25.362935,0.7844600081443787,0.1420079916715622,0.1285879909992218
2018-07-27T10:14:25.381186,0.9796599745750427,0.20081199705600739,-0.07197999954223633
2018-07-27T10:14:25.399919,1.1541199684143066,0.12956400215625763,-0.07027199864387512
2018-07-27T10:14:25.418195,1.23854398727417,-0.03269600123167038,0.27547600865364075
2018-07-27T10:14:25.435118,1.5281720161437988,-0.10467600077390671,0.5128880143165588
2018-07-27T10:14:25.453349,1.4722959995269775,0.16738399863243103,0.46530798077583313
2018-07-27T10:14:25.472076,1.2148759365081787,0.23179998993873596,0.3606320023536682
2018-07-27T10:14:25.487224,0.9720959663391113,0.008051999844610691,0.3269599974155426
2018-07-27T10:14:25.505462,1.4744919538497925,-0.054899998009204865,-0.04172400012612343
2018-07-27T10:14:25.522513,1.4059280157089233,-0.04660400003194809,-0.15811198949813843
2018-07-27T10:14:25.540759,0.70442795753479,-0.21423199772834778,-0.13249199092388153
2018-07-27T10:14:25.559491,0.550707995891571,-0.11321599781513214,0.06929600238800049
2018-07-27T10:14:25.574639,0.9764879941940308,-0.07393199950456619,-0.09101200103759766
2018-07-27T10:14:25.591655,1.0762839317321777,-0.08393599838018417,-0.36038798093795776
2018-07-27T10:14:25.610026,0.9564799666404724,-0.2239919900894165,-0.5145959854125977
2018-07-27T10:14:25.627948,0.9906399846076965,-0.11907199770212173,-0.2845039963722229
2018-07-27T10:14:25.643960,0.9845399856567383,0.026108000427484512,0.004391999915242195
2018-07-27T10:14:25.662209,0.7410280108451843,0.0500199981033802,0.022935999557375908
2018-07-27T10:14:25.679224,0.7468839883804321,0.06270799785852432,-0.1117519959807396
2018-07-27T10:14:25.697506,0.9667279720306396,0.06880799680948257,-0.1437159925699234
2018-07-27T10:14:25.716262,1.0701839923858643,0.06612399965524673,-0.03757599741220474
2018-07-27T10:14:25.731416,1.0252879858016968,0.04758000001311302,0.02513200044631958
2018-07-27T10:14:25.748429,0.9442799687385559,-0.014151999726891518,-0.05636399984359741
2018-07-27T10:14:25.766672,0.8764479756355286,-0.08954799920320511,-0.1449359953403473
2018-07-27T10:14:25.784912,0.8476560115814209,-0.060999996960163116,-0.12346399575471878
2018-07-27T10:14:25.803643,0.84716796875,0.04562800005078316,-0.08100800216197968
2018-07-27T10:14:25.818819,0.852292001247406,0.07466399669647217,-0.08149600028991699
2018-07-27T10:14:25.835831,0.9110959768295288,0.09955199807882309,-0.11248400062322617
2018-07-27T10:14:25.854070,0.9786840081214905,0.12883199751377106,-0.1210239976644516
2018-07-27T10:14:25.872962,0.9640439748764038,0.15933199226856232,-0.0849120020866394
2018-07-27T10:14:25.888121,0.9179279804229736,0.15445199608802795,-0.053435999900102615
2018-07-27T10:14:25.906365,0.8952359557151794,0.1483519971370697,-0.06392800062894821
2018-07-27T10:14:25.923409,0.9496479630470276,0.152988001704216,-0.053435999900102615
2018-07-27T10:14:25.941652,1.038707971572876,0.10735999792814255,-0.05709599703550339
2018-07-27T10:14:25.960384,1.0082080364227295,-0.04123599827289581,-0.06368400156497955
2018-07-27T10:14:25.975535,1.044808030128479,-0.062463998794555664,-0.11858399957418442
2018-07-27T10:14:25.995639,1.091655969619751,-0.025863999500870705,-0.19178399443626404
2018-07-27T10:14:26.010819,1.073599934577942,0.009271999821066856,-0.2537599802017212
2018-07-27T10:14:26.027714,1.0491999387741089,0.13859200477600098,-0.236191987991333
2018-07-27T10:14:26.047820,1.0867760181427002,0.35453200340270996,-0.14347200095653534
2018-07-27T10:14:26.062970,1.0499320030212402,0.3555079996585846,-0.0331839993596077
2018-07-27T10:14:26.083075,1.1011719703674316,0.16835999488830566,-0.1571359932422638
2018-07-27T10:14:26.098222,1.2029199600219727,0.10589599609375,-0.08344800025224686
2018-07-27T10:14:26.116960,1.1980400085449219,0.23985199630260468,-0.3189080059528351
2018-07-27T10:14:26.135223,1.203652024269104,0.04660400003194809,-0.32427600026130676
2018-07-27T10:14:26.152244,1.2424479722976685,-0.0500199981033802,-0.3659999966621399
2018-07-27T10:14:26.170489,1.1943799257278442,-0.12151199579238892,-0.31573599576950073
2018-07-27T10:14:26.187358,1.0899479389190674,-0.2454639971256256,-0.3496519923210144
2018-07-27T10:14:26.204370,0.8837679624557495,-0.2954840064048767,-0.1361519992351532
2018-07-27T10:14:26.222638,1.001863956451416,-0.2520520091056824,0.009759999811649323
2018-07-27T10:14:26.239552,1.0272400379180908,-0.24009600281715393,0.008539999835193157
2018-07-27T10:14:26.255640,1.1011719703674316,-0.18665999174118042,-0.06612399965524673
2018-07-27T10:14:26.275754,1.1836439371109009,-0.12809999287128448,-0.11858399957418442
2018-07-27T10:14:26.290912,1.182911992073059,-0.044652000069618225,-0.1617719978094101
2018-07-27T10:14:26.309158,1.1319159269332886,0.1647000014781952,-0.10906799882650375
2018-07-27T10:14:26.326204,1.0592039823532104,0.17543599009513855,-0.10516399890184402
2018-07-27T10:14:26.343076,0.9306159615516663,0.16250400245189667,-0.11882799863815308
2018-07-27T10:14:26.360091,0.8679080009460449,0.11272799968719482,-0.06148799881339073
2018-07-27T10:14:26.378331,0.8442400097846985,-0.02635199949145317,-0.013663999736309052
2018-07-27T10:14:26.395499,0.7276079654693604,-0.0558759979903698,0.028303999453783035
2018-07-27T10:14:26.413749,0.6605079770088196,-0.10174799710512161,0.07685999572277069
2018-07-27T10:14:26.432505,0.7703079581260681,-0.004879999905824661,0.09906399995088577
2018-07-27T10:14:26.447655,0.8059319853782654,-0.003659999929368496,0.09345199912786484
2018-07-27T10:14:26.465894,0.856440007686615,0.11711999773979187,0.10174799710512161
2018-07-27T10:14:26.482907,0.8261839747428894,0.07027199864387512,0.1000399962067604
2018-07-27T10:14:26.502006,0.7366359829902649,0.06124399974942207,0.07759200036525726
2018-07-27T10:14:26.519875,0.6973519921302795,0.04440800100564957,0.1088239997625351
2018-07-27T10:14:26.535047,0.7058919668197632,0.037331998348236084,0.19227199256420135
2018-07-27T10:14:26.555150,0.7778719663619995,0.16079600155353546,0.268887996673584
2018-07-27T10:14:26.570298,0.8742519617080688,0.1727519929409027,0.2164279967546463
2018-07-27T10:14:26.590261,0.9606279730796814,0.2840159833431244,-0.007563999854028225
2018-07-27T10:14:26.607270,1.0413919687271118,0.22423599660396576,-0.10052800178527832
2018-07-27T10:14:26.622441,1.1492400169372559,0.15908800065517426,0.09296400099992752
2018-07-27T10:14:26.642541,1.3710359334945679,-0.16713999211788177,0.49775999784469604
2018-07-27T10:14:26.659408,1.444235920906067,-0.05026400089263916,0.4138239920139313
2018-07-27T10:14:26.676441,1.3488320112228394,0.1803160011768341,0.3067080080509186
2018-07-27T10:14:26.694680,1.0260199308395386,0.024156000465154648,0.4126040041446686
2018-07-27T10:14:26.711687,1.4169080257415771,-0.10174799710512161,0.029279999434947968
2018-07-27T10:14:26.729952,1.3317519426345825,-0.06270799785852432,-0.08173999935388565
2018-07-27T10:14:26.746854,0.9481839537620544,-0.4001599848270416,-0.13590799272060394
2018-07-27T10:14:26.763868,0.6802719831466675,-0.22472399473190308,0.08417999744415283
2018-07-27T10:14:26.782108,0.891819953918457,-0.05831599980592728,-0.15152399241924286
2018-07-27T10:14:26.799128,1.09116792678833,-0.052216000854969025,-0.3740519881248474
2018-07-27T10:14:26.815139,1.0094280242919922,-0.05563199892640114,-0.4638440012931824
2018-07-27T10:14:26.833036,0.9977160096168518,-0.1076039969921112,-0.26083600521087646
2018-07-27T10:14:26.851278,0.9972279667854309,0.05660799890756607,0.020495999604463577
2018-07-27T10:14:26.869550,0.8217920064926147,0.0056119998916983604,-0.0007319999858736992
2018-07-27T10:14:26.886561,0.7590839862823486,0.058803997933864594,-0.1705559939146042
2018-07-27T10:14:26.903426,0.9764879941940308,-0.05685199797153473,-0.19446799159049988
2018-07-27T10:14:26.920525,1.087996006011963,0.010979999788105488,-0.12346399575471878
2018-07-27T10:14:26.938796,1.0025960206985474,0.006587999872863293,-0.04684799909591675
2018-07-27T10:14:26.955805,0.9403759837150574,0.06124399974942207,-0.07685999572277069
2018-07-27T10:14:26.974917,0.8586359620094299,-0.0331839993596077,-0.15079200267791748
2018-07-27T10:14:26.992817,0.8827919960021973,-0.0007319999858736992,-0.1651879996061325
2018-07-27T10:14:27.007977,0.8827919960021973,0.021959999576210976,-0.13639599084854126
2018-07-27T10:14:27.026238,0.905239999294281,0.07954400032758713,-0.13419999182224274
2018-07-27T10:14:27.043252,0.9503799676895142,0.12761199474334717,-0.13810399174690247
2018-07-27T10:14:27.060125,0.982587993144989,0.1420079916715622,-0.15737999975681305
2018-07-27T10:14:27.080230,0.9955199956893921,0.12761199474334717,-0.1634799987077713
2018-07-27T10:14:27.095376,0.9357399940490723,0.13517600297927856,-0.11858399957418442
2018-07-27T10:14:27.112514,0.9032880067825317,0.12956400215625763,-0.07173600047826767
2018-07-27T10:14:27.130771,0.936959981918335,0.140299990773201,-0.062219999730587006
2018-07-27T10:14:27.147639,0.9759999513626099,0.1798280030488968,-0.06075599789619446
2018-07-27T10:14:27.167752,1.0169919729232788,0.17445999383926392,-0.0634399950504303
2018-07-27T10:14:27.182901,1.030900001525879,0.1407880038022995,-0.08173999935388565
2018-07-27T10:14:27.199920,1.0301679372787476,0.1327359974384308,-0.11858399957418442
2018-07-27T10:14:27.219914,1.0655479431152344,0.1542080044746399,-0.17153199017047882
2018-07-27T10:14:27.237037,1.1245959997177124,0.0056119998916983604,-0.16299200057983398
2018-07-27T10:14:27.255284,1.0150399208068848,0.07466399669647217,-0.07685999572277069
2018-07-27T10:14:27.272267,0.9501360058784485,0.19885998964309692,-0.020495999604463577
2018-07-27T10:14:27.289236,1.022603988647461,0.20569199323654175,-0.06588000059127808
2018-07-27T10:14:27.305545,1.0570080280303955,0.1908079981803894,-0.17299599945545197
2018-07-27T10:14:27.323676,1.1385040283203125,0.10101599991321564,-0.044652000069618225
2018-07-27T10:14:27.341968,1.2226840257644653,0.15347599983215332,-0.13346800208091736
2018-07-27T10:14:27.358983,1.2190239429473877,0.19349199533462524,-0.22423599660396576
2018-07-27T10:14:27.375857,1.2802679538726807,0.12541599571704865,-0.29280000925064087
2018-07-27T10:14:27.392874,1.2348840236663818,0.12224400043487549,-0.3381839990615845
2018-07-27T10:14:27.411118,1.1538759469985962,-0.007319999858736992,-0.3584359884262085
2018-07-27T10:14:27.429387,1.0157719850540161,-0.14518000185489655,-0.3050000071525574
2018-07-27T10:14:27.447428,0.8837679624557495,-0.24253599345684052,-0.10638399422168732
2018-07-27T10:14:27.463485,0.9777079820632935,-0.11907199770212173,0.09637999534606934
2018-07-27T10:14:27.480524,1.02675199508667,-0.07320000231266022,0.052947998046875
2018-07-27T10:14:27.498766,1.182911992073059,-0.08857199549674988,-0.15860000252723694
2018-07-27T10:14:27.515782,1.1931599378585815,0.014151999726891518,-0.28011199831962585
2018-07-27T10:14:27.532686,1.1812039613723755,0.07881199568510056,-0.2239919900894165
2018-07-27T10:14:27.550931,1.069208025932312,0.21618399024009705,-0.08125200122594833
2018-07-27T10:14:27.567946,0.974291980266571,0.14810799062252045,0.030743999406695366
2018-07-27T10:14:27.586189,0.8942599892616272,0.08540000021457672,0.10028399527072906
2018-07-27T10:14:27.604058,0.8383839726448059,0.030743999406695366,0.08540000021457672
2018-07-27T10:14:27.620068,0.7671359777450562,0.028547998517751694,0.05660799890756607
2018-07-27T10:14:27.637109,0.6988160014152527,-0.019519999623298645,0.07344400137662888
2018-07-27T10:14:27.655347,0.7075999975204468,0.05172799900174141,0.11224000155925751
2018-07-27T10:14:27.673588,0.7849479913711548,0.1000399962067604,0.1605519950389862
2018-07-27T10:14:27.692315,0.8176440000534058,0.10784799605607986,0.1908079981803894
2018-07-27T10:14:27.707467,0.8032479882240295,0.11419199407100677,0.1751919984817505
2018-07-27T10:14:27.727572,0.7766519784927368,0.07173600047826767,0.1664080023765564
2018-07-27T10:14:27.742744,0.785923957824707,0.06392800062894821,0.20203199982643127
2018-07-27T10:14:27.759789,0.8047119975090027,0.08369199931621552,0.2827959954738617
2018-07-27T10:14:27.779749,0.8225240111351013,0.1420079916715622,0.2786479890346527
2018-07-27T10:14:27.796759,0.8654679656028748,0.2100839912891388,0.1768999993801117
2018-07-27T10:14:27.815000,0.9035319685935974,0.18251200020313263,0.06709999591112137
2018-07-27T10:14:27.830151,0.973315954208374,0.1605519950389862,0.07832399755716324
2018-07-27T10:14:27.848911,1.0682319402694702,0.05953599885106087,0.27620798349380493
2018-07-27T10:14:27.867149,1.1746159791946411,-0.015371999703347683,0.47165200114250183
2018-07-27T10:14:27.884157,1.2490359544754028,-0.0500199981033802,0.32671600580215454
2018-07-27T10:14:27.902398,1.2531839609146118,0.045871999114751816,0.34062400460243225
2018-07-27T10:14:27.920271,1.0635960102081299,0.030499998480081558,0.4152880012989044
2018-07-27T10:14:27.936301,1.124351978302002,-0.05831599980592728,0.27035200595855713
2018-07-27T10:14:27.954543,1.4447239637374878,-0.1076039969921112,0.12883199751377106
2018-07-27T10:14:27.971634,1.4249600172042847,-0.15079200267791748,-0.0348920002579689
2018-07-27T10:14:27.989912,0.9503799676895142,-0.22496800124645233,-0.13883599638938904
2018-07-27T10:14:28.008650,0.8891359567642212,-0.08247199654579163,-0.013663999736309052
2018-07-27T10:14:28.023804,0.9088999629020691,-0.04050400108098984,-0.11004399508237839
2018-07-27T10:14:28.040850,0.8737639784812927,-0.024887999519705772,-0.2967039942741394
2018-07-27T10:14:28.059098,0.6949119567871094,-0.1105320006608963,-0.403331995010376
2018-07-27T10:14:28.076112,0.8620519638061523,0.03684400022029877,-0.20691199600696564
2018-07-27T10:14:28.092985,1.0452959537506104,0.04196799919009209,-0.05563199892640114
2018-07-27T10:14:28.111228,0.8930400013923645,0.02903600037097931,-0.0954039990901947
2018-07-27T10:14:28.128242,0.8913319706916809,0.07783599942922592,-0.17787599563598633
2018-07-27T10:14:28.146513,1.0413919687271118,0.22594399750232697,-0.20276398956775665
2018-07-27T10:14:28.165244,0.9838079810142517,0.11370399594306946,-0.0331839993596077
2018-07-27T10:14:28.180393,0.9357399940490723,0.05831599980592728,0.07661599665880203
2018-07-27T10:14:28.197407,0.9115839600563049,-0.018055999651551247,0.004147999919950962
2018-07-27T10:14:28.215648,0.9135359525680542,-0.07344400137662888,-0.06417199969291687
2018-07-27T10:14:28.233919,0.9169519543647766,-0.05245999991893768,-0.06954000145196915
2018-07-27T10:14:28.252679,0.9132919907569885,0.07197999954223633,-0.057583998888731
2018-07-27T10:14:28.267830,0.8915759921073914,0.17592400312423706,-0.054899998009204865
2018-07-27T10:14:28.284846,0.8854759931564331,0.14469200372695923,-0.07930000126361847
2018-07-27T10:14:28.303088,0.9225639700889587,0.1554279923439026,-0.09784399718046188
2018-07-27T10:14:28.321724,0.9725840091705322,0.14640000462532043,-0.07149200141429901
2018-07-27T10:14:28.337770,0.9777079820632935,0.15176799893379211,-0.019276000559329987
2018-07-27T10:14:28.356113,0.9303719997406006,0.1554279923439026,-0.003415999934077263
2018-07-27T10:14:28.374365,0.8920639753341675,0.16299200057983398,-0.018055999651551247
2018-07-27T10:14:28.389519,0.8869400024414062,0.15518400073051453,-0.028303999453783035
2018-07-27T10:14:28.408254,0.9445239901542664,0.1647000014781952,-0.02635199949145317
2018-07-27T10:14:28.426499,1.0299240350723267,0.11955999583005905,-0.008295999839901924
2018-07-27T10:14:28.443514,1.0799440145492554,0.052216000854969025,-0.047335997223854065
2018-07-27T10:14:28.461763,1.139967918395996,0.007807999849319458,-0.09637999534606934
2018-07-27T10:14:28.480429,1.1194720268249512,0.10931199789047241,-0.19519999623298645
2018-07-27T10:14:28.495697,1.0067440271377563,0.22496800124645233,-0.26498398184776306
2018-07-27T10:14:28.513928,1.0348039865493774,0.25522398948669434,-0.15274399518966675
2018-07-27T10:14:28.530922,1.0860439538955688,0.25986000895500183,-0.03928399831056595
2018-07-27T10:14:28.549167,1.1333799362182617,0.21081599593162537,-0.037087999284267426
2018-07-27T10:14:28.567873,1.3317519426345825,0.25278398394584656,-0.19812799990177155
2018-07-27T10:14:28.583004,1.28929603099823,0.07246799767017365,-0.27791598439216614
2018-07-27T10:14:28.600036,1.2578200101852417,0.04636000096797943,-0.4260239899158478
2018-07-27T10:14:28.618363,1.2068239450454712,-0.0,-0.41577598452568054
2018-07-27T10:14:28.634360,1.1638799905776978,-0.07954400032758713,-0.4335879981517792
2018-07-27T10:14:28.652254,0.9725840091705322,-0.13053999841213226,-0.32793599367141724
2018-07-27T10:14:28.670482,0.8679080009460449,-0.253028005361557,-0.13639599084854126
2018-07-27T10:14:28.687477,0.7888519763946533,-0.15981999039649963,0.01781199872493744
2018-07-27T10:14:28.705697,0.8857199549674988,-0.01756799966096878,0.0024399999529123306
2018-07-27T10:14:28.724417,1.1075159311294556,-0.04904399812221527,-0.16884799301624298
2018-07-27T10:14:28.739577,1.1807159185409546,0.004147999919950962,-0.29694798588752747
2018-07-27T10:14:28.759661,1.1438720226287842,0.11663199961185455,-0.14981599152088165
2018-07-27T10:14:28.774791,1.1780319213867188,0.18397599458694458,-0.014883999712765217
2018-07-27T10:14:28.793875,1.1167880296707153,0.15079200267791748,-0.008539999835193157
2018-07-27T10:14:28.811731,1.020408034324646,0.16616399586200714,-0.058559998869895935
2018-07-27T10:14:28.826860,0.9196360111236572,0.09711199998855591,-0.08442399650812149
2018-07-27T10:14:28.846973,0.8098359704017639,0.03684400022029877,-0.07344400137662888
2018-07-27T10:14:28.862103,0.7693319916725159,-0.014639999717473984,-0.004635999910533428
2018-07-27T10:14:28.880853,0.7715280055999756,-0.007075999863445759,0.0378200002014637
2018-07-27T10:14:28.899073,0.8396039605140686,0.0558759979903698,0.056120000779628754
2018-07-27T10:14:28.914202,0.8022719621658325,0.056120000779628754,0.03611199930310249
2018-07-27T10:14:28.934282,0.7798239588737488,0.130295991897583,0.0019519999623298645
2018-07-27T10:14:28.950296,0.7949519753456116,0.06783200055360794,-0.04147999733686447
2018-07-27T10:14:28.968157,0.843019962310791,-0.006831999868154526,-0.07441999763250351
2018-07-27T10:14:28.986433,0.8081279993057251,-0.06173199787735939,0.0378200002014637
2018-07-27T10:14:29.003442,0.7710399627685547,0.12785600125789642,0.29572799801826477
2018-07-27T10:14:29.021844,0.7054039835929871,0.1117519959807396,0.36868399381637573
2018-07-27T10:14:29.040606,0.794219970703125,0.23082399368286133,0.23838800191879272
2018-07-27T10:14:29.055761,0.9323239922523499,0.2984119951725006,-0.03855200111865997
2018-07-27T10:14:29.074008,1.0296800136566162,0.26571598649024963,-0.08466799557209015
2018-07-27T10:14:29.091024,1.0343159437179565,0.1798280030488968,0.08661999553442001
2018-07-27T10:14:29.107062,1.1436280012130737,0.048312000930309296,0.2571759819984436
2018-07-27T10:14:29.124939,1.279047966003418,0.04123599827289581,0.21203599870204926
2018-07-27T10:14:29.143186,1.3283360004425049,0.1605519950389862,0.22252799570560455
2018-07-27T10:14:29.160209,1.2002359628677368,0.12419600039720535,0.2652280032634735
2018-07-27T10:14:29.178452,1.582095980644226,-0.11858399957418442,0.17836399376392365
2018-07-27T10:14:29.195319,1.5677000284194946,-0.054899998009204865,0.06319599598646164
2018-07-27T10:14:29.212359,1.1865719556808472,-0.2327760010957718,-0.25058799982070923
2018-07-27T10:14:29.230605,1.0033279657363892,-0.22252799570560455,-0.2054480016231537
2018-07-27T10:14:29.247644,0.8242319822311401,-0.1634799987077713,-0.07661599665880203
2018-07-27T10:14:29.265884,0.7549359798431396,-0.07539600133895874,-0.1407880038022995
2018-07-27T10:14:29.284621,0.6143919825553894,-0.130295991897583,-0.28133198618888855
2018-07-27T10:14:29.299785,0.7302919626235962,-0.05563199892640114,-0.18544000387191772
2018-07-27T10:14:29.318030,0.9293959736824036,0.05953599885106087,-0.06173199787735939
2018-07-27T10:14:29.335043,0.954039990901947,-0.059779997915029526,-0.042211998254060745
2018-07-27T10:14:29.351890,0.9550159573554993,0.01439599972218275,-0.1617719978094101
2018-07-27T10:14:29.369880,1.0045479536056519,0.06417199969291687,-0.19154000282287598
2018-07-27T10:14:29.388823,0.9442799687385559,0.05538799986243248,-0.07807999849319458
2018-07-27T10:14:29.405842,0.9330559968948364,-0.00951599981635809,0.012443999759852886
2018-07-27T10:14:29.424089,0.95306396484375,-0.10711599886417389,-0.053679998964071274
2018-07-27T10:14:29.442859,0.9650200009346008,-0.1163880005478859,-0.13127200305461884
2018-07-27T10:14:29.458019,0.8825479745864868,-0.08003199845552444,-0.09174399822950363
2018-07-27T10:14:29.476266,0.8788880109786987,-0.05392399802803993,-0.08564399927854538
2018-07-27T10:14:29.493287,0.8530240058898926,0.00951599981635809,-0.12590399384498596
2018-07-27T10:14:29.510157,0.9325679540634155,0.08100800216197968,-0.1546960026025772
2018-07-27T10:14:29.527228,1.0189440250396729,0.18373200297355652,-0.12004800140857697
2018-07-27T10:14:29.545627,1.006011962890625,0.14054399728775024,-0.06197600066661835
2018-07-27T10:14:29.562650,0.9425719976425171,0.16616399586200714,-0.05660799890756607
2018-07-27T10:14:29.580895,0.9357399940490723,0.1617719978094101,-0.0697840005159378
2018-07-27T10:14:29.597764,0.9481839537620544,0.15567199885845184,-0.07881199568510056
2018-07-27T10:14:29.614775,0.9459879994392395,0.06929600238800049,-0.06173199787735939
2018-07-27T10:14:29.633016,0.9894199967384338,0.11077599972486496,-0.023667998611927032
2018-07-27T10:14:29.650054,1.0072319507598877,0.0056119998916983604,-0.02537599951028824
2018-07-27T10:14:29.666923,1.0411479473114014,0.030743999406695366,-0.06002400070428848
2018-07-27T10:14:29.683936,1.1187399625778198,0.044895999133586884,-0.12663599848747253
2018-07-27T10:14:29.702175,1.087019920349121,0.20374000072479248,-0.19349199533462524
2018-07-27T10:14:29.720419,1.020408034324646,0.2176479995250702,-0.2193560004234314
2018-07-27T10:14:29.737432,1.0696959495544434,0.20569199323654175,-0.19129599630832672
2018-07-27T10:14:29.754328,1.0889719724655151,0.22081999480724335,-0.14981599152088165
2018-07-27T10:14:29.771352,1.047003984451294,0.21593999862670898,-0.07807999849319458
2018-07-27T10:14:29.789602,1.0550559759140015,0.12541599571704865,-0.12761199474334717
2018-07-27T10:14:29.806616,1.0955599546432495,0.13541999459266663,-0.07832399755716324
2018-07-27T10:14:29.826574,1.3083280324935913,0.13102799654006958,-0.24595199525356293
2018-07-27T10:14:29.843583,1.2124359607696533,0.027327999472618103,-0.32207998633384705
2018-07-27T10:14:29.858758,1.2331759929656982,0.07661599665880203,-0.3857640027999878
2018-07-27T10:14:29.876996,1.193403959274292,-0.10369999706745148,-0.36673200130462646
2018-07-27T10:14:29.894009,1.0570080280303955,-0.1954440027475357,-0.3940599858760834
2018-07-27T10:14:29.913970,1.0011320114135742,-0.34891998767852783,-0.10516399890184402
2018-07-27T10:14:29.930986,1.1109319925308228,-0.350383996963501,0.04782399907708168
2018-07-27T10:14:29.946158,1.0421240329742432,-0.2432679980993271,-0.03611199930310249
2018-07-27T10:14:29.966264,1.0135760307312012,-0.08540000021457672,-0.16835999488830566
2018-07-27T10:14:29.983134,1.075551986694336,0.015859998762607574,-0.13639599084854126
2018-07-27T10:14:30.001407,1.2121919393539429,0.16543199121952057,-0.10369999706745148
2018-07-27T10:14:30.018426,1.2070679664611816,0.2378999888896942,-0.08051999658346176
2018-07-27T10:14:30.036667,1.1319159269332886,0.20935200154781342,0.0012199999764561653
2018-07-27T10:14:30.053696,1.0823839902877808,0.17592400312423706,0.003415999934077263
2018-07-27T10:14:30.070648,0.9596520066261292,0.08149600028991699,-0.048555999994277954
2018-07-27T10:14:30.087668,0.8781560063362122,-0.022447999566793442,-0.00317199993878603
